{"tel": {"time": [0.0, 0.241, 0.38, 0.501, 0.761, 0.78, 0.94, 1.081, 1.18, 1.401, 1.42, 1.601, 1.62, 1.741, 1.94, 2.021, 2.181, 2.22, 2.46, 2.541, 2.66, 2.94, 3.002, 3.182, 3.221, 3.541, 3.562, 3.741, 3.802, 3.941, 4.081, 4.281, 4.301, 4.501, 4.621, 4.777], "rpm": [10501.90909090909, 10509.577270690908, 10514.0, 10556.04747776, 10646.39747776, 10653.0, 10680.0, 10697.624992, 10710.0, 10764.329150933334, 10769.0, 10826.01497984, 10832.0, 10843.343744, 10862.0, 10912.046389028572, 11010.903531885715, 11035.0, 11041.0, 11098.91495424, 11184.0, 11299.0, 11321.064016413156, 11385.12097050442, 11399.0, 11548.0, 11558.70996736, 11650.0, 11690.86995712, 11784.0, 11294.0, 10594.0, 10524.0, 10476.0, 10529.142857142857, 10598.228571428572], "speed": [252.0, 252.0, 252.0, 253.20999936, 255.80999936, 256.0, 257.0, 257.0, 257.0, 258.8416661333333, 259.0, 259.90499968, 260.0, 261.5124992, 264.0, 264.0, 264.0, 264.0, 269.0, 269.80999936, 271.0, 275.0, 275.6619204923947, 277.5836291151326, 278.0, 281.0, 281.10499968, 282.0, 282.91499904, 285.0, 286.94444444444446, 289.72222222222223, 290.0, 292.0, 292.85714285714283, 293.9714285714286], "gear": [7, 7, 7, 7, 7, 7, 7, 7, 7, 7, 7, 7, 7, 7, 7, 7, 7, 7, 7, 7, 7, 7, 7, 7, 7, 7, 7, 7, 7, 7, 7, 7, 8, 8, 8, 8], "throttle": [87.04545454545455, 95.26136145454545, 100.0, 100.0, 100.0, 100.0, 100.0, 100.0, 100.0, 100.0, 100.0, 100.0, 100.0, 100.0, 100.0, 100.0, 100.0, 100.0, 100.0, 100.0, 100.0, 100.0, 100.0, 100.0, 100.0, 100.0, 100.0, 100.0, 100.0, 100.0, 100.0, 100.0, 100.0, 100.0, 100.0, 100.0], "brake": [1, 1, 0, 0, 0, 0, 0, 0, 0, 0, 0, 0, 0, 0, 0, 0, 0, 0, 0, 0, 0, 0, 0, 0, 0, 0, 0, 0, 0, 0, 0, 0, 0, 0, 0, 0], "drs": [0, 0, 0, 0, 0, 0, 0, 0, 0, 0, 0, 0, 0, 0, 0, 0, 0, 0, 0, 0, 0, 0, 0, 0, 0, 1, 1, 1, 1, 1, 1, 1, 1, 1, 1, 1], "distance": [-0.033116468447480174, 16.809152183711085, 26.599999999999998, 35.16870970608163, 53.68869791245301, 55.044444444444444, 66.46666666666665, 76.52191622507922, 83.6, 99.49763618538456, 100.86666666666666, 113.93116767226654, 115.31111111111112, 124.15108628842057, 138.77777777777777, 144.7086277582552, 156.4296807749975, 159.31111111111113, 177.24444444444444, 183.32741622627282, 192.3, 213.68888888888887, 218.4580115175915, 232.36226187612237, 235.38833333333332, 260.3661111111111, 262.0084872198253, 276.03277777777777, 280.8406760972027, 291.8661111111111, 303.0838413414456, 319.2469914469314, 320.8661111111111, 337.0883333333333, 346.86475811311675, 359.6269777185992], "rel_distance": [-9.200169034318298e-05, 0.04669792664002747, 0.07389812615465823, 0.09770307317881859, 0.14915391621856353, 0.15292034961160272, 0.18465271121853194, 0.2125874518344772, 0.23225125362892587, 0.27641687484653527, 0.2802202127117742, 0.31651503013506294, 0.3203486855610039, 0.3449072419841941, 0.38554201991298304, 0.40201866277244436, 0.4345812136933714, 0.4425861874709649, 0.49240722991608527, 0.5093064861615282, 0.5342334458473977, 0.5936544537202953, 0.6069036727301788, 0.6455314188610309, 0.6539382237594515, 0.7233296137325809, 0.7278923399308952, 0.7668535727459761, 0.7802105154733309, 0.8108405525999393, 0.8420048098830288, 0.8869080619714449, 0.8914061788587772, 0.9364735406740659, 0.9636336711897786, 0.9990887130852448], "acc_x": [0.0, 0.43091145299144906, 1.3568372233812642, 2.2827633617059764, 2.467411933543814, 1.8491027498403458, 0.9231766115156339, 0.8405060928591908, 1.3044944444444506, 1.796778493827164, 1.7268519506172726, 2.0184080705467218, 2.6835314285714196, 3.043154708994707, 1.9799936507936509, 0.8225862433862395, 1.6593654586486093, 3.335262354921836, 4.2611882808477635, 3.8062228593290133, 3.392487673147485, 3.455094466510145, 3.239227960415842, 2.858210087337288, 2.7127857855571227, 2.187215217484519, 2.004373602693598, 2.550154074074082, 3.424455615440241, 4.012161623670686, 3.9092809652344447, 3.5306771417882437, 3.0713884880551414, 2.446755918978141, 2.149470899470926, 1.3227513227513603], "acc_y": [-20.570094543094676, -29.558674167243304, -34.76020888556867, -39.217884556980785, -40.18670792729597, -43.129203651452, -44.07326406358846, -36.096103460364, -33.307334487852295, -29.4230350724357, -20.653785494581083, -15.307350390108741, -10.761133455821637, -9.773948039564566, -6.859006800557681, -3.6617969782629602, -2.693221360540887, -0.684721664175441, 0.002340911179105891, 0.11930374456797231, -0.09726540076349464, -0.16869903756072815, -0.10974353940356738, 0.0731394795925262, 0.3562185357847847, 0.3702280562353315, 0.28577886666235747, 0.3824783412790328, 0.6875868910834538, 0.832696701526646, 0.8883974318201985, 0.8400283194679734, 0.6846997856210247, 0.47915197615115673, 0.47740150615580823, 0.5208250222667945], "acc_z": [-12.503465860855616, -19.881185219301322, -21.201119582523386, -21.66814340484263, -21.595003005886134, -21.693823045258494, -20.630902224230066, -19.196109842943294, -18.15839600278531, -9.657440908915834, -2.1489129029220533, -0.8245785593330446, -0.42912829944426156, -0.5396772858774337, -0.3760571616007128, -0.0030824542759782803, 0.3782399110706255, 0.43232210215550365, 0.046741276689418576, -0.44117918797289685, -0.6769119496020493, -0.5593293819214517, -0.3526992188685145, -0.28182516407914715, -0.6127825148376344, -1.4197744754804666, -1.9639775557601045, -1.5275138184589114, -0.5362954483241569, -0.23865171569776295, -0.3420321893653102, -0.6307615051717702, -0.7664356448654992, -0.6472550854601188, 0.11937225366694887, 0.786896259188345], "x": [2825.715060081175, 2861.0, 2878.7751701640937, 2885.0, 2858.0, 2855.7712934392994, 2839.4685866441005, 2817.0, 2791.9603809174705, 2717.0, 2710.1868690536285, 2643.0, 2635.666019538556, 2589.0, 2519.5284505936556, 2478.0, 2368.0, 2343.9619324576815, 2239.016525180348, 2214.0, 2184.275578128728, 2112.9085544759173, 2081.0, 1964.0, 1943.8712290867477, 1852.1739141993369, 1845.0, 1769.0620941160973, 1742.0, 1683.5403246933338, 1622.0, 1519.0, 1508.3045583723176, 1400.6628728796022, 1346.0, 1293.0725852861672], "y": [2752.466903120079, 2626.0, 2540.3580862543045, 2444.0, 2176.0, 2162.0010273531516, 2092.0551990435715, 2040.0, 1984.0975768077965, 1829.0, 1816.4727934472419, 1703.0, 1691.0341568758317, 1616.0, 1510.1428367927813, 1447.0, 1278.0, 1241.0077283237315, 1079.4589988825662, 1041.0, 995.3940667815934, 886.0581786399322, 837.0, 657.0, 626.0753959016913, 485.9674459994332, 475.0, 358.66507022832815, 317.0, 226.43546074311243, 131.0, -28.0, -44.57804925667236, -212.41423238155528, -298.0, -381.04825770581516], "z": [1751.6866860542896, 1748.0, 1746.0804938023878, 1744.0, 1738.0, 1737.711770984175, 1736.564583476369, 1736.0, 1735.2701043109469, 1733.0, 1732.7991066773588, 1731.0, 1730.8489906858886, 1730.0, 1728.1733594162436, 1727.0, 1724.0, 1723.359914056092, 1720.6733396229406, 1720.0, 1719.1240729748984, 1716.8696103373443, 1716.0, 1713.0, 1712.5327939092242, 1711.1179846081493, 1711.0, 1709.568810823742, 1709.0, 1707.6540809013738, 1707.0, 1708.0, 1708.0491088923682, 1707.4786872110087, 1707.0, 1706.750966557098], "dataKey": "2025-Spanish Grand Prix-Practice 3-SAI-4"}}