{"tel": {"time": [0.0, 0.208, 0.316, 0.528, 0.676, 0.828, 0.956, 1.028, 1.196, 1.408, 1.476, 1.609, 1.756, 1.909, 2.117, 2.209, 2.317, 2.388, 2.477, 2.668, 2.797, 2.948, 3.237, 3.329, 3.477, 3.667, 3.837, 3.947, 4.157, 4.227, 4.317, 4.487, 4.637, 4.688, 4.847, 4.877, 5.067, 5.117, 5.357, 5.408, 5.568, 5.637, 5.708, 5.837, 5.868, 6.157, 6.187, 6.317, 6.556, 6.648, 6.756, 6.916, 7.028, 7.156, 7.208, 7.408, 7.596, 7.688, 7.849, 7.956, 8.129, 8.156, 8.208, 8.397, 8.548, 8.637, 8.768, 8.957, 9.088, 9.157, 9.309, 9.357, 9.517, 9.549, 9.789, 9.797, 10.168, 10.197, 10.397, 10.567, 10.597, 10.787, 10.917, 11.008, 11.197, 11.347, 11.397, 11.677], "rpm": [10451.249472, 10880.249472, 11103.0, 11350.333034666666, 11523.0, 10611.0, 9843.0, 9957.3, 10224.0, 10591.213842285715, 10709.0, 10902.32490697143, 11116.0, 11320.282499241219, 11598.0, 11716.22, 11855.0, 11931.7688192, 12028.0, 11303.9903824, 10815.0, 10910.404585890908, 11093.0, 11176.95, 11312.0, 11432.86102968889, 11541.0, 11625.218652, 11786.0, 11802.6249696, 11824.0, 11599.8126688, 11402.0, 11335.4877504, 11128.125166933334, 11089.0, 10690.791934933333, 10586.0, 9986.0, 10060.678290285714, 10294.964004571428, 10396.0, 10528.06011904, 10768.0, 10712.6842608, 10197.0, 10155.1876784, 9974.0, 9832.0, 9745.98023936, 9645.0, 9331.0, 9294.6, 9253.0, 9224.991046981819, 9117.263774254545, 9016.0, 8945.722417777777, 8822.73616, 8741.0, 8840.4749632, 8856.0, 8869.161764424702, 8917.0, 9001.308369066666, 9051.0, 9023.9812896, 8985.0, 9152.0247552, 9240.0, 9426.96, 9486.0, 9572.0, 9671.885714285714, 10421.028571428571, 10446.0, 9848.69030912, 9802.0, 9588.0, 8887.60052736, 8764.0, 7434.000896, 6524.0, 5887.001344, 4564.0, 4140.2503616, 3999.0, 4108.0], "speed": [165.0999936, 170.2999936, 173.0, 177.71110542222223, 181.0, 184.25714285714287, 187.0, 188.5, 192.0, 198.81427748571429, 201.0, 205.27499794285714, 210.0, 213.39058090026919, 218.0, 220.76, 224.0, 226.218752, 229.0, 231.984376, 234.0, 237.43181963636363, 244.0, 245.53333333333333, 248.0, 251.16666453333335, 254.0, 255.718748, 259.0, 259.0, 259.0, 256.8750016, 255.0, 253.3000064, 248.00000426666668, 247.0, 238.29167253333333, 236.0, 220.0, 217.9964361142857, 211.71072182857142, 209.0, 207.93499904, 206.0, 205.031248, 196.0, 195.2500032, 192.0, 185.0, 183.16000512, 181.0, 181.0, 179.6, 178.0, 177.17273134545454, 173.99091316363638, 171.0, 170.23333546666666, 168.8916672, 168.0, 167.13500032, 167.0, 167.0, 167.0, 167.0, 167.0, 167.4093744, 168.0, 171.92999424, 174.0, 177.04, 178.0, 182.0, 183.14285714285714, 191.71428571428572, 192.0, 192.92749952, 193.0, 193.0, 182.80000768, 181.0, 150.1250208, 129.0, 109.50004114285714, 69.0, 54.0000128, 49.0, 0.0], "gear": [4, 4, 4, 4, 4, 4, 5, 5, 5, 5, 5, 5, 5, 5, 5, 5, 5, 5, 5, 5, 5, 5, 6, 6, 6, 6, 6, 6, 6, 6, 6, 6, 6, 6, 6, 6, 6, 6, 6, 6, 6, 6, 6, 5, 5, 5, 5, 5, 5, 5, 5, 5, 5, 5, 5, 5, 5, 5, 5, 5, 5, 5, 5, 5, 5, 5, 5, 5, 5, 5, 5, 5, 5, 5, 5, 5, 5, 5, 5, 5, 5, 5, 5, 5, 5, 5, 4, 4], "throttle": [79.0999936, 84.2999936, 87.0, 65.21113742222222, 50.0, 65.2, 78.0, 80.4, 86.0, 89.78570971428572, 91.0, 95.27499794285714, 100.0, 100.0, 100.0, 100.0, 100.0, 100.0, 100.0, 100.0, 100.0, 100.0, 100.0, 100.0, 100.0, 100.0, 100.0, 100.0, 100.0, 100.0, 100.0, 46.87504, 0.0, 0.0, 0.0, 0.0, 0.0, 0.0, 0.0, 0.0, 0.0, 0.0, 0.0, 0.0, 0.0, 0.0, 0.0, 0.0, 0.0, 0.0, 0.0, 0.0, 0.0, 0.0, 0.0, 0.0, 0.0, 3.322212977777778, 9.1361088, 13.0, 27.70499456, 30.0, 33.66803270852321, 47.0, 49.516667733333335, 51.0, 55.9124928, 63.0, 66.92999424, 69.0, 77.36, 80.0, 100.0, 100.0, 100.0, 100.0, 7.250048000000007, 0.0, 8.0, 1.2000051200000001, 0.0, 0.0, 0.0, 0.0, 0.0, 0.0, 0.0, 0.0], "brake": [0, 0, 0, 0, 0, 0, 0, 0, 0, 0, 0, 0, 0, 0, 0, 0, 0, 0, 0, 0, 0, 0, 0, 0, 0, 0, 0, 0, 0, 0, 0, 0, 1, 1, 1, 1, 1, 1, 1, 1, 1, 1, 1, 1, 1, 1, 1, 1, 1, 1, 1, 1, 1, 0, 0, 0, 0, 0, 0, 0, 0, 0, 0, 0, 0, 0, 0, 0, 0, 0, 0, 0, 0, 0, 0, 0, 0, 1, 1, 1, 1, 1, 1, 1, 1, 1, 1, 1], "drs": [0, 0, 0, 0, 0, 0, 0, 0, 0, 0, 0, 0, 0, 0, 0, 0, 0, 0, 0, 0, 0, 0, 0, 0, 0, 0, 0, 0, 0, 0, 0, 0, 0, 0, 0, 0, 0, 0, 0, 0, 0, 0, 0, 0, 0, 0, 0, 0, 0, 0, 0, 0, 0, 0, 0, 0, 0, 0, 0, 0, 0, 0, 0, 0, 0, 0, 0, 0, 0, 0, 0, 0, 0, 0, 0, 0, 0, 0, 0, 0, 0, 0, 0, 0, 0, 0, 0, 0], "distance": [0.40954381836279463, 10.435915995928895, 15.73222222222222, 26.30812032055755, 33.83222222222222, 41.68017135233718, 48.37666666666666, 52.17625912625439, 61.176666666666655, 72.94486140262367, 76.80999999999999, 84.49004103019294, 93.14333333333332, 102.30860421981626, 115.00388888888887, 120.69416134710546, 127.44833333333332, 131.9429708795878, 137.62611111111107, 149.953689786218, 158.42611111111108, 168.52811546459313, 188.2483333333333, 194.5617266647792, 204.78166666666664, 218.10154637405938, 230.18166666666667, 238.06618006266473, 253.20388888888888, 258.24693596964494, 264.71500000000003, 276.83675833628666, 287.38166666666666, 290.9258554185632, 301.82467399953737, 303.84833333333336, 316.3890839121859, 319.5816666666667, 334.2483333333334, 337.2601519395398, 346.5295068192986, 350.5038888888889, 354.59204151608833, 361.9483333333334, 363.68317101199125, 379.3705555555556, 380.9800346665112, 387.90388888888896, 400.1858333333334, 404.8207398654629, 410.24138888888893, 418.28583333333336, 423.863252881466, 430.1525, 432.67564652252526, 442.21123269776837, 451.0525, 455.3613907124063, 462.87490424882566, 467.8525, 475.87822009317944, 477.1302777777778, 479.54195440986393, 488.31, 495.31545848563445, 499.4433333333333, 505.516540483888, 514.3766666666667, 520.6799009914203, 524.0433333333333, 531.5408026070012, 533.9322222222221, 542.0211111111109, 543.6822742076087, 556.524369234881, 556.9544444444443, 576.8395519698349, 578.3988888888887, 589.121111111111, 597.7852031313564, 599.1766666666665, 606.7404177632604, 610.6433333333332, 612.7495379745874, 616.0099999999999, 618.257614745108, 618.7322222222222, 618.7322222222222], "rel_distance": [0.000661610989100008, 0.01685904265832361, 0.025415134201745078, 0.04250031553699868, 0.054655372647004444, 0.06733359938019932, 0.07815167229393169, 0.08428984851012808, 0.09882985196792726, 0.11784116799829353, 0.12408523287184374, 0.13649220695981157, 0.15047145172668183, 0.16527778908227053, 0.18578680294161462, 0.19497934015137955, 0.205890588735777, 0.21315159832569397, 0.22233261354600262, 0.24224760470140713, 0.25593465551624545, 0.27225426966380695, 0.30411194218725596, 0.3143111204419625, 0.33082125759950026, 0.35233929399211555, 0.37185452039008526, 0.3845918160654348, 0.4090465241092856, 0.41719347986243344, 0.42764252596888586, 0.4472250179097052, 0.464260135808253, 0.4699857117309303, 0.48759256554746677, 0.4908617523680286, 0.5111211190646129, 0.5162786815506482, 0.5399724290937681, 0.544837970209754, 0.5598124534648853, 0.5662329992873927, 0.5728373394873885, 0.5847213022945241, 0.5875239027026887, 0.6128666024063515, 0.6154666882061859, 0.6266520555223485, 0.6464933253636184, 0.6539809370857708, 0.6627379022776513, 0.6757335638088776, 0.6847437890849355, 0.694903959548311, 0.6989800593246075, 0.7143846346549625, 0.7286675497972569, 0.7356284885743467, 0.7477664403625557, 0.7558076606193761, 0.7687730732834355, 0.770795750921274, 0.7746917730082938, 0.7888563997350608, 0.800173597333863, 0.8068421080973383, 0.8166532697111324, 0.8309666510503331, 0.8411494176045949, 0.8465829846582984, 0.8586950172162022, 0.8625583144411595, 0.875625775207365, 0.8783093555962079, 0.8990555390621816, 0.8997503181603599, 0.9318743670858871, 0.9343934490378002, 0.9517150144765205, 0.9657117060004788, 0.9679595913905535, 0.9801787010924873, 0.9864837940151746, 0.9898863313590855, 0.9951535516389071, 0.9987845345715061, 0.9995512547813802, 0.9995512547813802],