{"tel": {"time": [0.0, 0.008, 0.131, 0.288, 0.448, 0.511, 0.728, 0.771, 0.991, 1.088, 1.191, 1.288, 1.531, 1.608, 1.791, 1.848, 1.971, 2.128, 2.252, 2.568, 2.572, 2.751, 2.871, 2.968, 3.128, 3.151, 3.331, 3.528, 3.771, 3.927, 4.071, 4.127, 4.291, 4.327, 4.452, 4.487, 4.727, 4.791, 4.927, 4.95, 5.287, 5.391, 5.447, 5.611, 5.767, 5.791, 5.99, 6.047, 6.248, 6.351, 6.448, 6.531, 6.768, 6.85, 7.008, 7.167, 7.191, 7.471, 7.648, 7.731, 7.911, 7.968, 8.128, 8.191, 8.368, 8.491, 8.608, 8.871, 9.008, 9.111, 9.208, 9.368, 9.531, 9.728, 9.811, 9.991, 10.128, 10.192, 10.432, 10.528, 10.712, 10.727, 10.851, 11.088, 11.092, 11.311, 11.368, 11.531, 11.648, 11.71, 11.848, 11.871, 12.007, 12.23, 12.327, 12.451, 12.647, 12.771, 12.81, 12.887, 13.11, 13.127, 13.288, 13.39, 13.488, 13.611, 13.791, 13.808, 13.871, 14.231, 14.631, 14.811, 14.971, 15.311, 15.632, 15.811, 16.111, 16.351, 16.712, 16.851, 17.111, 17.272, 17.512, 17.831, 18.01, 18.27, 18.471, 18.79, 470.073], "rpm": [11348.0, 11348.0, 11348.0, 11348.0, 11348.0, 11348.0, 11348.0, 11348.0, 11348.0, 11348.0, 11348.0, 11348.0, 11348.0, 11348.0, 11348.0, 11348.0, 11348.0, 11348.0, 11348.0, 11348.0, 11348.0, 11348.0, 11348.0, 11348.0, 11348.0, 11348.0, 11348.0, 11348.0, 11348.0, 11348.0, 11348.0, 11348.0, 11348.0, 11348.0, 11348.0, 11348.0, 11348.0, 11348.0, 11348.0, 11348.0, 11348.0, 11348.0, 11348.0, 11348.0, 11348.0, 11348.0, 11348.0, 11348.0, 11348.0, 11348.0, 11348.0, 11348.0, 11348.0, 11348.0, 11348.0, 11348.0, 11348.0, 11348.0, 11348.0, 11348.0, 11348.0, 11348.0, 11348.0, 11348.0, 11348.0, 11348.0, 11348.0, 11348.0, 11348.0, 11348.0, 11348.0, 11348.0, 11348.0, 11348.0, 11348.0, 11348.0, 11348.0, 11348.0, 11348.0, 11348.0, 11348.0, 11348.0, 11348.0, 11348.0, 11348.0, 11348.0, 11348.0, 11348.0, 11348.0, 11348.0, 11348.0, 11348.0, 11348.0, 11348.0, 11348.0, 11348.0, 11348.0, 11348.0, 11348.0, 11348.0, 11348.0, 11348.0, 11348.0, 11348.0, 11348.0, 11348.0, 11348.0, 11348.0, 11076.142857142857, 10804.285714285714, 10532.428571428572, 10260.57142857143, 9988.714285714286, 9716.857142857143, 9445.0, 9173.142857142857, 8901.285714285714, 8629.428571428572, 8357.57142857143, 8085.714285714286, 7813.857142857143, 7542.0, 7270.142857142857, 6998.285714285715, 6726.428571428572, 6454.571428571429, 6182.714285714286, 5910.857142857143, 5774.928571428572], "speed": [277.0, 277.0, 277.0, 277.0, 277.0, 277.0, 277.0, 277.0, 277.0, 277.0, 277.0, 277.0, 277.0, 277.0, 277.0, 277.0, 277.0, 277.0, 277.0, 277.0, 277.0, 277.0, 277.0, 277.0, 277.0, 277.0, 277.0, 277.0, 277.0, 277.0, 277.0, 277.0, 277.0, 277.0, 277.0, 277.0, 277.0, 277.0, 277.0, 277.0, 277.0, 277.0, 277.0, 277.0, 277.0, 277.0, 277.0, 277.0, 277.0, 277.0, 277.0, 277.0, 277.0, 277.0, 277.0, 277.0, 277.0, 277.0, 277.0, 277.0, 277.0, 277.0, 277.0, 277.0, 277.0, 277.0, 277.0, 277.0, 277.0, 277.0, 277.0, 277.0, 277.0, 277.0, 277.0, 277.0, 277.0, 277.0, 277.0, 277.0, 277.0, 277.0, 277.0, 277.0, 277.0, 277.0, 277.0, 277.0, 277.0, 277.0, 277.0, 277.0, 277.0, 277.0, 277.0, 277.0, 277.0, 277.0, 277.0, 277.0, 277.0, 277.0, 277.0, 277.0, 277.0, 277.0, 277.0, 277.0, 267.23809523809524, 257.4761904761905, 247.71428571428572, 237.95238095238096, 228.1904761904762, 218.42857142857142, 208.66666666666666, 198.9047619047619, 189.14285714285714, 179.38095238095238, 169.6190476190476, 159.85714285714283, 150.09523809523807, 140.33333333333331, 130.57142857142856, 120.8095238095238, 111.04761904761904, 101.28571428571428, 91.52380952380952, 81.76190476190476, 76.88095238095238], "gear": [7, 7, 7, 7, 7, 7, 7, 7, 7, 7, 7, 7, 7, 7, 7, 7, 7, 7, 7, 7, 7, 7, 7, 7, 7, 7, 7, 7, 7, 7, 7, 7, 7, 7, 7, 7, 7, 7, 7, 7, 7, 7, 7, 7, 7, 7, 7, 7, 7, 7, 7, 7, 7, 7, 7, 7, 7, 7, 7, 7, 7, 7, 7, 7, 7, 7, 7, 7, 7, 7, 7, 7, 7, 7, 7, 7, 7, 7, 7, 7, 7, 7, 7, 7, 7, 7, 7, 7, 7, 7, 7, 7, 7, 7, 7, 7, 7, 7, 7, 7, 7, 7, 7, 7, 7, 7, 7, 7, 7, 7, 7, 7, 7, 7, 7, 7, 7, 7, 7, 7, 7, 7, 7, 7, 7, 7, 7, 7, 7], "throttle": [100.0, 100.0, 102.0, 104.0, 104.0, 104.0, 104.0, 104.0, 104.0, 104.0, 104.0, 104.0, 104.0, 104.0, 104.0, 104.0, 104.0, 104.0, 104.0, 104.0, 104.0, 104.0, 104.0, 104.0, 104.0, 104.0, 104.0, 104.0, 104.0, 104.0, 104.0, 104.0, 104.0, 104.0, 104.0, 104.0, 104.0, 104.0, 104.0, 104.0, 104.0, 104.0, 104.0, 104.0, 104.0, 104.0, 104.0, 104.0, 104.0, 104.0, 104.0, 104.0, 104.0, 104.0, 104.0, 104.0, 104.0, 104.0, 104.0, 104.0, 104.0, 104.0, 104.0, 104.0, 104.0, 104.0, 104.0, 104.0, 104.0, 104.0, 104.0, 104.0, 104.0, 104.0, 104.0, 104.0, 104.0, 104.0, 104.0, 104.0, 104.0, 104.0, 104.0, 104.0, 104.0, 104.0, 104.0, 104.0, 104.0, 104.0, 104.0, 104.0, 104.0, 104.0, 104.0, 104.0, 104.0, 104.0, 104.0, 104.0, 104.0, 104.0, 104.0, 104.0, 104.0, 104.0, 104.0, 104.0, 100.28571428571429, 96.57142857142857, 92.85714285714286, 89.14285714285714, 85.42857142857143, 81.71428571428572, 78.0, 74.28571428571428, 70.57142857142857, 66.85714285714286, 63.14285714285714, 59.42857142857143, 55.714285714285715, 52.0, 48.285714285714285, 44.57142857142857, 40.857142857142854, 37.14285714285714, 33.42857142857143, 29.714285714285708, 27.857142857142854], "brake": [0, 0, 0, 1, 1, 1, 1, 1, 1, 1, 1, 1, 1, 1, 1, 1, 1, 1, 1, 1, 1, 1, 1, 1, 1, 1, 1, 1, 1, 1, 1, 1, 1, 1, 1, 1, 1, 1, 1, 1, 1, 1, 1, 1, 1, 1, 1, 1, 1, 1, 1, 1, 1, 1, 1, 1, 1, 1, 1, 1, 1, 1, 1, 1, 1, 1, 1, 1, 1, 1, 1, 1, 1, 1, 1, 1, 1, 1, 1, 1, 1, 1, 1, 1, 1, 1, 1, 1, 1, 1, 1, 1, 1, 1, 1, 1, 1, 1, 1, 1, 1, 1, 1, 1, 1, 1, 1, 1, 1, 1, 1, 1, 1, 1, 1, 1, 1, 1, 1, 1, 1, 1, 1, 1, 1, 1, 1, 1, 1], "drs": [0, 0, 0, 0, 0, 0, 0, 0, 0, 0, 0, 0, 0, 0, 0, 0, 0, 0, 0, 0, 0, 0, 0, 0, 0, 0, 0, 0, 0, 0, 0, 0, 0, 0, 0, 0, 0, 0, 0, 0, 0, 0, 0, 0, 0, 0, 0, 0, 0, 0, 0, 0, 0, 0, 0, 0, 0, 0, 0, 0, 0, 0, 0, 0, 0, 0, 0, 0, 0, 0, 0, 0, 0, 0, 0, 0, 0, 0, 0, 0, 0, 0, 0, 0, 0, 0, 0, 0, 0, 0, 0, 0, 0, 0, 0, 0, 0, 0, 0, 0, 0, 0, 0, 0, 0, 0, 0, 0, 0, 0, 0, 0, 0, 0, 0, 0, 0, 0, 0, 0, 0, 0, 0, 0, 0, 0, 0, 0, 0],