{"CornerNumber": [1, 2, 3, 4, 5, 6, 7, 8, 9, 10, 11, 12, 13, 14, 15, 16, 17, 18, 19], "X": [-2268.255615234375, 2999.999267578125, 3817.088134765625, 4054.815185546875, 8288.3798828125, 7822.23583984375, 7960.5205078125, 4795.484375, 6124.01416015625, 4679.7138671875, 2442.751220703125, 765.8057861328125, -711.81396484375, -2527.06591796875, -4336.47314453125, 370.2557678222656, 1346.130126953125, 24.782848358154297, 549.4779052734375], "Y": [4480.01220703125, 504.4121398925781, -223.75808715820312, -1175.5828857421875, -11558.162109375, -12185.4541015625, -13774.4111328125, -15569.1689453125, -13828.8994140625, -8919.283203125, -8984.7734375, -12791.740234375, -12662.1513671875, -14855.037109375, -13437.90234375, -8378.4921875, -5851.3837890625, -701.6300048828125, -386.9144592285156], "Angle": [145.68175941520641, -118.1437971997148, 21.623120750256426, -159.37230591855115, -19.044517633774447, 162.88664031411616, 153.5589625319835, -147.87551693169823, 172.22776136494474, 40.95163822007065, -46.08229755088073, -49.676165997109315, 102.89657229563842, -69.16199272690382, -173.38859911250455, 142.6697670739105, 2.717271720601312, 157.75138809208076, -14.515880956568681], "Distance": [370.0362749971588, 1041.9576983127467, 1146.0609846849084, 1243.0548186139279, 2381.5861396881114, 2465.670846931697, 2623.289525147773, 3018.1881210338092, 3258.554443966701, 3769.4079085099884, 4025.6118735515984, 4436.976109538415, 4592.537878538823, 4882.409501134336, 5143.288984389552, 5845.976593637373, 6118.420848966466, 6655.5787274789855, 6722.179925417745], "Rotation": 91.0}