{"CornerNumber": [1, 2, 3, 4, 5, 6, 7, 8, 9, 10, 11, 12, 13, 14], "X": [3314.213623046875, 3856.566650390625, 740.00048828125, 746.3623046875, -724.0447387695312, -993.9166259765625, -1783.8714599609375, -1785.4404296875, -1140.2919921875, -711.50537109375, -374.8269958496094, 975.87255859375, 2586.933349609375, 2435.436279296875], "Y": [-1317.8548583984375, -2073.48876953125, -608.991943359375, -42.99305725097656, 1618.9674072265625, 3790.888671875, 4016.30078125, 10539.7060546875, 10976.314453125, 16759.564453125, 15840.400390625, 12421.1728515625, 5440.8330078125, 5153.82958984375], "Angle": [-165.7042232224879, -22.292628506519133, -158.88211146259871, 10.981968146091017, 29.69970797495177, 27.68189480956655, -117.80501466388415, 118.5937331062827, -28.30519809467008, 97.79649538436189, 9.36772122115067, -161.17004277640703, -21.168127295710576, 157.077799192522], "Distance": [222.06463414701784, 323.86612139327974, 694.4735876558324, 771.5160795744348, 976.8876013314615, 1201.444165437971, 1279.001378194831, 1987.8794843455146, 2063.418759782068, 2648.0155739955885, 2761.48814561325, 3133.3024047321164, 3823.774764877405, 3849.052928581389], "Rotation": 62.0}