{"tel": {"time": [0.0, 477.751, 477.952, 478.152, 478.59, 478.951, 479.151, 479.351, 479.551, 479.751, 479.991, 480.271, 480.551, 480.792, 481.031, 481.311, 481.551, 481.711, 481.991, 482.472, 482.713, 482.831, 483.033, 483.213, 483.232, 483.433, 483.533, 483.552, 483.753, 483.912, 484.112, 484.133, 484.333, 484.453, 484.472, 484.733, 484.791, 484.953, 485.11, 485.193, 485.271, 485.433, 485.67, 485.713, 485.911, 485.953, 486.311, 486.393, 486.493, 486.551, 486.673, 486.873, 486.991, 487.151, 487.173, 487.574, 487.592, 487.751, 487.951, 487.973, 488.192, 488.213, 488.472, 488.512, 488.712, 488.733, 488.911, 488.993, 489.004], "rpm": [11420.0, 11388.0, 11241.0, 10987.0, 9875.0, 9336.0, 9772.0, 10035.0, 9819.0, 9134.0, 8498.0, 7922.0, 7627.0, 7539.0, 7865.0, 7955.0, 8293.0, 8387.0, 9131.0, 10257.0, 10662.0, 11067.0, 11345.0, 11623.0, 11901.0, 12098.666666666666, 12296.333333333334, 12494.0, 11852.0, 11210.0, 11313.0, 11435.5, 11558.0, 11680.5, 11803.0, 11981.5, 12160.0, 11513.0, 10866.0, 10936.5, 11007.0, 11119.5, 11232.0, 11323.0, 11414.0, 11544.0, 11674.0, 11720.0, 11766.0, 11812.0, 11891.0, 11970.0, 12049.0, 11349.0, 11189.666666666666, 11030.333333333334, 10871.0, 10870.0, 10935.0, 10975.5, 11016.0, 11098.0, 11180.0, 11194.0, 11208.0, 11235.5, 11263.0, 11282.0, 11291.5], "speed": [251.5, 285.0, 282.0, 278.0, 244.0, 211.0, 191.0, 176.0, 162.0, 150.0, 138.0, 132.0, 124.0, 119.0, 120.0, 124.0, 127.0, 132.0, 141.0, 156.0, 164.0, 172.0, 175.66666666666666, 179.33333333333334, 183.0, 187.33333333333334, 191.66666666666666, 196.0, 201.5, 207.0, 212.0, 214.0, 216.0, 218.0, 220.0, 224.0, 228.0, 232.0, 236.0, 236.5, 237.0, 239.5, 242.0, 245.5, 249.0, 252.0, 255.0, 256.3333333333333, 257.6666666666667, 259.0, 260.3333333333333, 261.6666666666667, 263.0, 265.0, 266.6666666666667, 268.3333333333333, 270.0, 270.0, 273.0, 274.5, 276.0, 277.0, 278.0, 278.0, 278.0, 279.0, 280.0, 281.0, 281.5], "gear": [3, 7, 7, 7, 7, 6, 6, 6, 5, 4, 4, 4, 4, 4, 4, 4, 4, 4, 4, 4, 4, 4, 4, 4, 4, 4, 4, 4, 4, 5, 5, 5, 5, 5, 5, 5, 5, 5, 6, 6, 6, 6, 6, 6, 6, 6, 6, 6, 6, 6, 6, 6, 6, 6, 6, 6, 7, 7, 7, 7, 7, 7, 7, 7, 7, 7, 7, 7, 7], "throttle": [101.0, 100.0, 0.0, 0.0, 0.0, 0.0, 0.0, 0.0, 0.0, 0.0, 0.0, 0.0, 0.0, 3.0, 50.0, 53.0, 60.0, 67.0, 75.0, 100.0, 100.0, 100.0, 100.0, 100.0, 100.0, 100.0, 100.0, 100.0, 100.0, 100.0, 100.0, 100.0, 100.0, 100.0, 100.0, 100.0, 100.0, 100.0, 100.0, 100.0, 100.0, 100.0, 100.0, 100.0, 100.0, 100.0, 100.0, 100.0, 100.0, 100.0, 100.0, 100.0, 100.0, 100.0, 100.0, 100.0, 100.0, 100.0, 100.0, 100.0, 100.0, 100.0, 100.0, 100.0, 100.0, 100.0, 100.0, 100.0, 100.0], "brake": [1, 0, 0, 0, 1, 1, 1, 1, 1, 1, 1, 1, 0, 0, 0, 0, 0, 0, 0, 0, 0, 0, 0, 0, 0, 0, 0, 0, 0, 0, 0, 0, 0, 0, 0, 0, 0, 0, 0, 0, 0, 0, 0, 0, 0, 0, 0, 0, 0, 0, 0, 0, 0, 0, 0, 0, 0, 0, 0, 0, 0, 0, 0, 0, 0, 0, 0, 0, 0], "drs": [0, 0, 0, 0, 0, 0, 0, 0, 0, 0, 0, 0, 0, 0, 0, 0, 0, 0, 0, 0, 0, 0, 0, 0, 0, 0, 0, 0, 0, 0, 0, 0, 0, 0, 0, 0, 0, 0, 0, 0, 0, 0, 0, 0, 0, 0, 0, 0, 0, 0, 0, 0, 0, 0, 0, 0, 0, 0, 0, 0, 0, 0, 0, 0, 0, 0, 0, 0, 0], "distance": [1087.8004325718493, 38888.37083333333, 38904.11583333333, 38919.560277777775, 38949.24694444444, 38970.40555555556, 38981.01666666667, 38990.794444444444, 38999.794444444444, 39008.12777777778, 39017.32777777778, 39027.59444444445, 39037.23888888889, 39045.20527777778, 39053.171944444446, 39062.81638888889, 39071.283055555556, 39077.149722222224, 39088.11638888889, 39108.95972222222, 39120.352205939074, 39126.11194444445, 39136.20193861673, 39145.49513511866, 39146.49611111112, 39157.31909871405, 39162.855463462096, 39163.91833333334, 39175.37573889096, 39184.61833333334, 39196.39611111112, 39197.65062887228, 39209.79285146797, 39217.21349646063, 39218.39611111112, 39234.868129767245, 39238.59944444445, 39249.172310819406, 39259.51166666667, 39264.968591486526, 39270.11083333334, 39280.89189546376, 39296.93250000001, 39299.88076454779, 39313.60166666668, 39316.54046481713, 39341.935000000005, 39347.81301469008, 39355.010230992564, 39359.201666666675, 39368.05984534931, 39382.68896311807, 39391.34611111112, 39403.1238888889, 39404.75407041108, 39434.84834743269, 39436.198888888895, 39448.1238888889, 39463.29055555557, 39464.96912812584, 39481.76722222223, 39483.38474927019, 39503.38944444445, 39506.47711681921, 39521.922777777785, 39523.55057315504, 39537.40055555556, 39543.80801382645, 39544.66880840501], "rel_distance": [0.027500124311559862, 0.9831169396240599, 0.9835149808863366, 0.9839054239579039, 0.9846559173382016, 0.9851908173238916, 0.985459071376659, 0.9857062583572195, 0.9859337827370537, 0.9861444534591225, 0.9863770339362862, 0.986636580265875, 0.9868803965148825, 0.9870817907028228, 0.9872831919131204, 0.9875270081621279, 0.9877410496157497, 0.9878893618040862, 0.9881666044743286, 0.9886935340843667, 0.988981541616861, 0.9891271506092434, 0.9893822305721965, 0.9896171671022831, 0.9896424722624958, 0.9899160826560857, 0.9900560446511785, 0.9900829145187674, 0.9903725633069903, 0.990606220592386, 0.9909039685462432, 0.9909356833657541, 0.9912426446619645, 0.9914302421786229, 0.9914601392525045, 0.9918765599002103, 0.9919708893510879, 0.9922381765583135, 0.9924995605057618, 0.9926375142208109, 0.992767512597161, 0.9930400630944031, 0.9934455773832115, 0.9935201109457468, 0.9938669820285655, 0.99394127627597, 0.994583262483599, 0.9947318615554894, 0.9949138106861292, 0.9950197722197254, 0.9952437112876393, 0.9956135425040681, 0.9958323994183184, 0.9961301473721755, 0.9961713591543812, 0.9969321571228147, 0.9969662994680661, 0.9972677692713465, 0.9976511899855117, 0.9976936251169626, 0.9981182891104823, 0.9981591809814214, 0.9986649094106765, 0.9987429672709209, 0.9991334410965573, 0.9991745925558578, 0.9995247268510129, 0.9996867105142792, 0.9997084718201296], "acc_x": [0.01240131004981238, -1.603928236454266, -7.12534015642749, -14.895583902966873, -22.026861143284712, -24.61379368711406, -23.562421601637574, -20.833333333334515, -17.78198653198728, -14.274151774151902, -10.57044807044785, -7.830314812080584, -5.396791545224191, -2.1899479000375965, 1.3668626385390024, 3.9903194286622687, 6.044418544418441, 7.718114124158784, 8.815887798109753, 9.99644921543953, 10.452086494198735, 9.27998019792226, 8.565413174559854, 8.556644936625336, 9.445136125047656, 12.776451900937857, 13.548056839209577, 13.711264528257296, 9.675966307040902, 8.47015505220942, 7.316820974038379, 5.766088486676676, 5.497826474869264, 5.8060694301708535, 6.970733310351823, 7.673201638718996, 8.011145942180637, 7.425185765703276, 4.633291669460885, 3.4686277892798287, 2.8928248560208156, 4.301842569386169, 5.833846565083341, 7.181254436614526, 6.586016341376705, 4.808501683502254, 3.657453657453617, 3.831308947342453, 4.291154314595163, 3.701298652275843, 2.915012273016691, 2.65349309329872, 3.752099264368492, 3.7052915246811375, 3.33168428477707, 2.3381357394398163, 2.382239935256848, 3.5225011192726647, 3.8032360195696904, 3.993987936760836, 2.7784867212599815, 1.9355560569328945, 0.9710498840934272, 0.7286452299240228, 1.3495498272323077, 2.0618005394830465, 3.136258445060224, 6.414433833779113, 5.702183121528375],