{"tel": {"time": [0.0, 0.144, 0.149, 0.329, 0.425, 0.609, 1.305, 1.349, 1.465, 1.549, 1.689, 1.705, 1.889, 1.905, 2.049, 2.185, 2.389, 2.465, 2.649, 2.825, 3.009, 3.185, 3.385, 3.449, 3.625, 3.649, 3.769, 3.785, 3.945, 3.949, 4.109, 4.265, 4.425, 4.449, 4.585, 4.788, 4.825, 5.048, 5.065, 5.224, 5.384, 5.488, 5.664, 5.688, 5.869, 6.704, 6.709, 6.905, 7.089, 7.225], "rpm": [8977.8, 8760.0, 8744.91123547702, 8201.70798710344, 7912.0, 7181.018181818182, 4416.0, 4688.248416, 5406.0, 5576.7994794666665, 5861.466666666667, 5894.0, 4606.0, 4494.0, 4154.057142857143, 3833.0, 3870.885666742857, 3885.0, 3902.3777777777777, 3919.0, 3956.311111111111, 3992.0, 4095.0, 4083.8, 4053.0, 4054.95, 4064.7, 4066.0, 4000.0, 3999.000064, 3959.000064, 3920.0, 3992.0, 3992.0, 3992.0, 3992.845832533333, 3993.0, 4000.4333269333333, 4001.0, 4001.0, 3910.0, 3950.114285714286, 4018.0, 4019.130769230769, 4027.658650830769, 4067.0, 4065.1592293006365, 3993.0, 4116.05, 4207.0], "speed": [256.4, 248.0, 247.6263395578036, 234.17437232213706, 227.0, 194.38181818181818, 71.0, 93.2748704, 152.0, 154.0999936, 157.6, 158.0, 146.04, 145.0, 135.22857142857143, 126.0, 115.8000128, 112.0, 103.31111111111112, 95.0, 89.88888888888889, 85.0, 79.0, 77.13333333333334, 72.0, 71.25, 67.5, 67.0, 61.0, 60.8875072, 56.3875072, 52.0, 47.0, 46.55, 44.0, 37.23333973333333, 36.0, 30.4250048, 30.0, 27.0, 24.0, 22.514285714285712, 20.0, 19.584615384615386, 16.451924184615386, 2.0, 2.0, 2.0, 0.8500000000000001, 0.0], "gear": [8, 8, 8, 8, 8, 8, 8, 8, 8, 8, 8, 8, 8, 8, 8, 8, 8, 8, 8, 8, 8, 7, 7, 7, 6, 6, 6, 6, 6, 6, 6, 5, 5, 5, 4, 4, 4, 4, 4, 3, 1, 1, 0, 0, 0, 0, 0, 0, 0, 0], "throttle": [0.8, 2.0, 2.0533800631709176, 3.975089668266134, 5.0, 4.372727272727273, 2.0, 4.1999872, 10.0, 8.600004266666666, 6.266666666666667, 6.0, 0.4800000000000004, 0.0, 0.0, 0.0, 0.0, 0.0, 0.0, 0.0, 0.0, 0.0, 0.0, 0.0, 0.0, 0.0, 0.0, 0.0, 0.0, 0.0, 0.0, 0.0, 0.0, 0.0, 0.0, 0.0, 0.0, 0.0, 0.0, 0.0, 0.0, 0.0, 0.0, 0.0, 0.0, 0.0, 0.0, 0.0, 0.0, 0.0], "brake": [1, 1, 1, 1, 1, 1, 1, 1, 1, 1, 1, 1, 1, 1, 1, 1, 1, 1, 1, 1, 1, 1, 1, 1, 1, 1, 1, 1, 1, 1, 1, 1, 1, 1, 1, 1, 1, 1, 1, 1, 1, 1, 1, 1, 1, 1, 1, 1, 1, 1], "drs": [0, 0, 0, 0, 0, 0, 0, 0, 0, 0, 0, 0, 0, 0, 0, 0, 0, 0, 0, 0, 0, 0, 0, 0, 0, 0, 0, 0, 0, 0, 0, 0, 0, 0, 0, 0, 0, 0, 0, 0, 0, 0, 0, 0, 0, 0, 0, 0, 0, 0], "distance": [-0.3254334999702273, 9.546666666666667, 9.886921683568037, 21.90824978833845, 27.26527777777778, 34.38418527662538, 44.62083333333334, 46.32245499631887, 51.3763888888889, 55.099674204998, 61.23073008132871, 61.90972222222223, 69.35451891066334, 69.96527777777779, 75.18036415690042, 79.76527777777778, 86.2281573796973, 88.47638888888889, 93.51917260449858, 97.9763888888889, 102.41734178041601, 106.4763888888889, 110.86527777777779, 112.19325417214111, 115.66527777777779, 116.1239104994574, 118.35627482821215, 118.64305555555556, 121.35416666666667, 121.41817828806634, 123.82631838995152, 125.97638888888889, 128.0652777777778, 128.36944896643072, 130.02083333333334, 132.08246800240275, 132.42083333333335, 134.28733498294324, 134.42083333333335, 135.61333333333334, 136.68, 137.3173999675043, 138.23555555555555, 138.33577364688733, 138.8937400881514, 138.81333333333333, 138.8153811631317, 138.925, 138.93960362892955, 138.925], "rel_distance": [-0.0023425121466277062, 0.0687181332853458, 0.07116733261520991, 0.1576983968928447, 0.19625897266710654, 0.24750178352798552, 0.32118649151220685, 0.33343498287794754, 0.36981384839941617, 0.3966145344970163, 0.44074666245332883, 0.44563413512486755, 0.4992227382448324, 0.5036190590446484, 0.5411579208702567, 0.5741607182132645, 0.6206813559812652, 0.6368644152520344, 0.6731630203670943, 0.7052466358746726, 0.7372131853907935, 0.7664307280107173, 0.798022514146322, 0.8075814588601122, 0.8325735308819707, 0.8358748281407766, 0.8519436734080412, 0.854007957930938, 0.8735228840501469, 0.873983647925617, 0.8913177497927047, 0.9067942334992901, 0.92183032411573, 0.9240197874135737, 0.9359066642672905, 0.9507465755076677, 0.953182172635115, 0.9666174913294459, 0.9675784296083019, 0.9761621978285646, 0.9838402015475975, 0.9884282884110438, 0.9950372903045207, 0.9957586730026081, 0.999774987138034, 0.9991962089856636, 0.9992109495276709, 1.0, 1.0001051187974055, 1.0], "acc_x": [-10.853422265015558, -17.773155837519518, -19.291654078865335, -26.99837978794111, -36.492787629578565, -42.22407431255102, -41.7161803985804, -37.95305847665848, -22.987224169624167, -8.02138606391941, -0.7222184235517792, -9.055551756885109, -17.626984126984127, -18.55820105820105, -17.830684344849047, -16.203700217864927, -14.368245996366259, -13.449672174738836, -12.272260194857722, -10.39666209419296, -8.705698080533914, -8.012552634302043, -8.141153457347304, -8.183454919566024, -8.317901234567891, -8.510802469135799, -9.206649831649838, -9.764177383592031, -9.474821466699522, -8.659377448458029, -7.95900742112906, -8.097397154446691, -7.229339489186493, -7.0233647097569945, -7.3672321278997694, -8.055741719542695, -7.825855270655262, -6.541310938444267, -5.85824370138163, -5.116701293172558, -4.637577195048463, -4.252352585685924, -4.28164378133159, -4.561456561144368, -4.7981528574406624, -3.1955892551892555, -1.8732395775764195, -0.8589181286549713, -1.4376218323586785, -1.1574074074074119], "acc_y": [-7.001196172338037, -8.108553582247133, -8.254048216265554, -8.581604548366128, -9.211253724392147, -9.818286754403552, -8.276212948575283, -6.4242643420623455, -5.821349519067129, -4.116556241446183, -3.2848138008234913, -3.268728485624253, -2.9179485869474564, -2.370950988652265, -1.9014812008896718, -1.8835272252150619, -2.089922049792051, -1.755259150183432, -0.9442172769816545, -0.5943707490579271, -0.022764067485476214, 0.5309881334871395, 0.010855311495143072, -0.3928373022352797, -0.1675275745128768, 0.18148697260376923, 0.34607577731755096, 0.40298055224400314, 0.17644058604216617, -0.4382741904251304, -0.9907873637811342, -0.20149908025402613, 0.5017526483743125, 0.26300280952103255, -0.2463318749651446, -0.3941118405018488, -0.3191478883508331, 0.0014321830553741255, 0.5041177689429901, 0.4997423572793729, -0.25236062050207264, -0.42144620109485254, -0.29568406216453696, 0.0505150341730831, 8.420504805816314, 8.341386199594467, 8.173114535752774, 7.842946363579188, 7.82285918104997, 8.388458275027132], "acc_z": [0.5545970283354092, 0.852171783077031, 0.9098878016078313, 0.9098878016078313, -6.3825708633866824, -11.260467581824344, -4.786343239665692, 1.8747717743473427, 1.8748179556378606, -0.2425316004691498, -1.6050363216991375, -2.098887235393683, -1.2203650016877643, 7.2579579396512, 12.13585465808886, 5.495707827169123, -1.2327191486463838, -1.0661246840893603, 0.8750352975970221, 1.7836576868005676, -2.90960312301414, -10.867006995201898, -5.532500405121409, 0.35824554496559635, 0.5508352526832855, 0.2919379120977263, 0.10742922895996715, -0.20388545951688386, 0.3426330870070109, 5.384513659191817, 11.922847981337938, 3.8092108979937827, -3.379632746008653, -2.682623250491279, -0.4470663147383396, 0.31899648555810434, 0.35798758777996825, -0.3975667154583588, -0.5032005997727692, 0.03736543989261126, 1.7358082424678165, 3.0345293207763833, 2.3116301995630737, 0.4106814379336734, -0.38135404967970804, -0.497387703103683, -0.13204436910442963, 0.06110464800362685, 0.06108592467396772, -0.04409066098202404],