{"CornerNumber": [1, 2, 3, 4, 5, 6, 7, 8, 9, 10, 11, 12, 13, 14], "X": [-3102.4705973153305, -3874.7583230391156, -6195.325832683519, -4426.529400725318, -4542.259294075855, -2919.047113239949, -2085.696726119249, -2706.3344852401556, -3399.618785137742, 1428.3820141701494, 142.23921186556618, -842.6948558408556, 538.1157727828859, 2881.013214318282], "Y": [-6966.730800740276, -6783.703176678725, -7289.139507704795, -2915.92815508894, -6165.090488463807, -5303.979987824779, -3887.2126692798247, -3238.04087867866, -746.8769695595092, 2292.7810928036356, 2415.562978813626, 2193.1318681426874, 4122.028999634798, 2459.7294748811983], "Angle": [-68.8993899041057, -280.50076395537997, -119.44019417308891, -299.8502116752963, -244.87246530888558, -49.40879337476423, -345.91597826102355, -144.8408914632198, -201.63831408978086, -342.50296791471146, -55.51605895562858, -127.85336281470802, -255.98300625823205, -353.6644628431238], "Distance": [800.4164443784877, 892.3889711385671, 1154.5948805580533, 1714.861334862578, 2164.4178020014306, 2336.8883017284415, 2515.83972541476, 2609.123266896027, 2877.8952995278933, 3459.19087479847, 3621.5618940265945, 3725.145427267784, 3996.50433707186, 4314.384063025676], "Rotation": 303.0}