{"CornerNumber": [1, 2, 3, 4, 5, 6, 7, 8, 9, 10, 11, 12, 13, 14, 15, 16, 17, 18, 19, 20, 21, 22, 23, 24, 25, 26, 27], "X": [-2908.523056214108, -3463.1717202600994, -3333.3247695142136, -3726.8753781951586, -4503.338061486339, -4285.277170059697, -4405.375789032021, -4926.6524289887675, -4851.685765788991, -4049.885091566999, -3793.6155931845055, -3573.7348764062713, -4317.586218963094, -4128.693808130403, -4524.771575373783, -4900.2146767086415, -5687.898927810389, -5575.506518373531, -4995.647738092284, -4663.182729865367, -3883.815484557315, -3912.876567276061, -3409.812556762191, -3104.1254266500055, -4073.934794761703, -3097.992407379881, -126.0020350712939], "Y": [4757.490498091253, 4834.551790013647, 6205.801601139092, 9192.730296885, 9863.121848255349, 11311.588157372298, 12447.507360095766, 12948.264921924423, 14451.23927618633, 15075.214007695733, 16049.942225670482, 16904.96513044109, 21791.136106267713, 18964.562668757066, 16996.49388114333, 15776.132943023345, 15233.132054777167, 13034.768132909623, 11155.10295548154, 9118.43162273858, 7285.573383855088, 4866.397794696875, 4155.133314899098, 2806.184304442164, 93.77447360417227, -3343.273850025347, -5554.263009208047], "Angle": [69.13662878898232, 40.81141650006943, -3.557132416786196, 47.148851941157076, 22.80346716811735, -17.739135074836348, 22.025440260194003, 28.39364193520494, 141.24659981410446, -33.91941351687294, -14.63405531867106, -9.142795149235376, 102.44055797680988, -173.05277545528216, -204.52800951234912, 140.97019409517907, -210.22979994929267, -160.33138124745375, -175.76376667524812, -156.8365303890967, -171.2512867068793, -168.83778606792842, -134.08095044212348, -188.77163719765326, -183.33071234860574, -144.71499434218612, -50.14775596432159], "Distance": [473.41005554463106, 537.812306343936, 671.6024206989126, 983.0807602787055, 1087.4977538046915, 1221.5059738120551, 1338.5825888398729, 1426.0155856990787, 1569.234002841971, 1679.1952913096661, 1781.5199843952244, 1857.9401524678012, 2390.5116231136344, 2703.306221232473, 2900.800351173495, 3035.231340380304, 3143.608089947144, 3366.42679435634, 3576.5093820239135, 3781.9454222705695, 3966.7406549264338, 4216.134913004041, 4303.204601323824, 4451.865409039051, 4740.465882606173, 5103.826514754437, 5472.636977391344], "Rotation": 104.0}