{"CornerNumber": [1, 2, 3, 4, 5, 6, 7, 8, 9, 10, 11, 12, 13, 14, 15, 16, 17, 18, 19], "X": [-4002.5498661460833, -10194.152086855822, -10487.442618448618, -11612.711556602806, -13160.352086037015, -13043.750758589213, -14871.735794051183, -11074.14236341196, -8677.443388922406, -8237.282519977727, -8627.001765725101, -8140.502538082326, -7328.02827991963, -3203.535205733467, -2813.3766286096075, 1549.6159178222933, 3183.621546926235, 2461.8283511989794, -395.8334440528106], "Y": [-1659.2946044991618, -1797.2700204435946, -2314.6945517724075, -3147.8826331294936, -7153.475069517273, -8102.168121445727, -10110.13631173347, -9919.316626373356, -9848.486839053796, -8597.52562471613, -6142.266366985422, -5357.265931568226, -5441.099711541869, -5287.1526108486405, -5561.05664668873, -2360.470641944083, -1411.8382518196768, -336.4552654753461, -1491.902321353356], "Angle": [-97.82392870469776, 111.88313377257879, -30.15716702996394, 140.59195787354795, -178.31172884591876, -21.4386519733737, -171.05139602443612, 90.9730095125042, -41.148155207078, -180.56795042522023, -191.14447209022003, 115.09022178802522, -90.97901268389123, 64.02888553347759, -96.25082233626188, -51.56989885889029, -7.579908469050402, 86.24746693674015, -73.50537254412396], "Distance": [258.6155227381268, 874.7563222493421, 943.4033271179383, 1079.4889520480654, 1500.6845023317123, 1612.6496885651613, 1895.398862281921, 2284.407354668393, 2538.107613807699, 2676.4177173220287, 2930.712254294549, 3023.9534022745306, 3087.60959774085, 3530.5951555263327, 3578.8512403758446, 4122.38153472012, 4316.325086694913, 4456.096574205472, 4763.199941149015], "Rotation": 178.0}