{"CornerNumber": [1, 1, 2, 3, 4, 5, 6, 7, 8, 9, 10, 11, 12, 12, 13, 14], "X": [-6033.7314453125, -4288.64501953125, -1739.7655029296875, -2081.064208984375, 137.27439880371094, -20.38125991821289, 2399.324462890625, 2251.829833984375, 2747.3857421875, 3969.8935546875, 3859.828125, 4508.7236328125, 1823.3304443359375, 917.1895751953125, -202.31922912597656, 828.6363525390625], "Y": [4029.2685546875, 3778.159912109375, 2279.862060546875, 3944.518310546875, 8089.453125, 10382.619140625, 8671.92578125, 8271.9306640625, 6726.5771484375, 6201.38525390625, 4303.83642578125, 2507.1708984375, -301.9350891113281, 547.991455078125, 920.361572265625, -1344.8851318359375], "Angle": [146.52177108363696, 60.47100123888616, -50.33326808579322, 5.32648440746904, 158.73003851084664, -45.15991642801586, -6.843936823489347, 171.75480558986533, -132.68783680755217, 31.117516949595743, -166.6926884163716, -16.988076264862677, -88.47262054946576, 42.29777285333536, 146.5172487406101, -50.073920456133536], "Distance": [610.9552622021893, 792.8841091261302, 1114.620671451555, 1305.3807822191588, 1777.819071483027, 2018.5516452197114, 2347.4906578628165, 2394.189242480168, 2567.443756848395, 2702.807920788677, 2889.175910353892, 3110.124731856794, 3490.474913382732, 3616.2369880460433, 3761.8173421144525, 4050.7206959483046], "Rotation": 40.0}